Run,Tick,Temperature,ID_0_Pop_(Producer),ID_1_Pop_(Producer),ID_2_Pop_(Producer),ID_3_Pop_(Consumer),ID_4_Pop_(Consumer),ID_5_Pop_(GeneticEngine),Avg_Heat_Resistance,Avg_Foraging_Efficiency
4424,1,15.0,33299,44914,40468,180,192,14,0.4557006676704515,0.9051761470546547
4424,2,15.0,31745,37176,34025,223,186,14,0.4557006676704515,0.9051761470546547
4424,3,15.0,34432,30741,29667,276,181,14,0.4557006676704515,0.9051761470546547
4424,4,15.0,39626,25388,26324,342,176,14,0.4557006676704515,0.9051761470546547
4424,5,15.0,46661,20934,23507,423,171,14,0.4557006676704515,0.9051761470546547
4424,6,15.0,54864,17228,20961,522,166,17,0.4505642183756109,0.9448175839705335
4424,7,15.0,63349,14143,18560,645,161,21,0.42183211156162936,0.9520880936333136
4424,8,15.0,71175,11574,16270,795,157,20,0.45258784517623274,0.9231371107213142
4424,9,15.0,77674,9436,14108,933,152,22,0.4257043666832728,0.9035321753853526
4424,10,15.0,82810,7666,12125,1058,148,22,0.4257043666832728,0.9035321753853526
4424,11,15.0,86830,6208,10353,1167,144,23,0.42702175358043176,0.9067782881236879
4424,12,15.0,90019,5013,8797,1262,140,23,0.4342204894462202,0.9009363930294225
4424,13,15.0,92591,4038,7448,1343,136,23,0.4342204894462202,0.9009363930294225
4424,14,15.0,94691,3246,6289,1412,132,25,0.43752191575363253,0.9183506013449448
4424,15,15.0,96415,2605,5298,1471,129,25,0.43752191575363253,0.9183506013449448
4424,16,15.0,97836,2088,4456,1520,125,25,0.40861809024334605,0.951334720343759
4424,17,15.0,99007,1671,3742,1562,122,26,0.4016614677707492,0.9682093244177691
4424,18,15.0,99972,1336,3139,1597,118,27,0.4143789255215723,0.9742435582541286
4424,19,15.0,100768,1067,2630,1627,115,26,0.4016614677707492,0.9682093244177691
4424,20,15.0,101425,852,2202,1651,112,26,0.4001399742965195,0.9922547635036143
4424,21,15.0,101967,679,1843,1672,109,24,0.37484565566336264,1.0379040968600302
4424,22,15.0,102414,542,1541,1690,106,23,0.3585861599051946,1.0567232587089408
4424,23,15.0,102783,432,1288,1705,103,25,0.3385086674936413,1.0730432867354014
4424,24,15.0,103088,344,1077,1717,100,26,0.32397062030741797,1.0902767613592785
4424,25,15.0,103341,274,899,1727,98,26,0.32397062030741797,1.0902767613592785
4424,26,15.0,103552,218,751,1735,95,28,0.3355719593211311,1.1024429949860266
4424,27,15.0,103727,174,627,1742,93,27,0.3212952153145602,1.1297186974704716
4424,28,15.0,103875,138,524,1748,90,27,0.30930064897138393,1.1561912544341055
4424,29,15.0,103997,110,437,1753,88,27,0.30930064897138393,1.1561912544341055
4424,30,15.0,104100,87,365,1757,85,29,0.29091116946737744,1.1575672298303625
4424,31,15.0,104187,69,305,1761,83,31,0.26907312287748203,1.1886370732366847
4424,32,15.0,104261,55,254,1763,81,35,0.28328774953071334,1.2282348323417414
4424,33,15.0,104325,44,212,1765,79,34,0.2903652363944611,1.2297669480670916
4424,34,15.0,104381,35,177,1766,77,36,0.2932268946857065,1.2272317619143387
4424,35,15.0,104429,28,148,1768,75,37,0.2938759970954092,1.24477552449165
4424,36,15.0,104471,22,123,1769,73,41,0.3000410350595268,1.252635398121819
4424,37,15.0,104508,17,103,1769,71,42,0.28103924370852384,1.2789471552374534
4424,38,15.0,104542,14,86,1769,69,41,0.2698312781312208,1.2934638715612017
4424,39,15.0,104573,11,71,1770,67,44,0.2669618209374441,1.3000509548366668
4424,40,15.0,104599,8,60,1770,65,51,0.2579499755518784,1.3076137080471133
4424,41,15.0,104623,7,50,1769,64,56,0.26079589996068736,1.3014610509743854
4424,42,15.0,104648,5,41,1768,62,59,0.2559782272181939,1.3023408577081599
4424,43,15.0,104673,4,34,1767,60,61,0.2428305235628828,1.3157139269801377
4424,44,15.0,104697,3,29,1766,59,67,0.2387170845265415,1.3191800682807215
4424,45,15.0,104719,2,24,1765,57,69,0.2309021674507651,1.3249877422552592
4424,46,15.0,104741,2,20,1764,56,75,0.23768040308351882,1.3267421331326994
4424,47,15.0,104762,1,16,1762,54,75,0.23107393875463755,1.3335739798112405
4424,48,15.0,104784,1,14,1761,53,86,0.23064826014083636,1.3404457536871248
4424,49,15.0,104803,1,11,1759,51,88,0.2285383294224003,1.3394895965765803
4424,50,15.0,104825,0,9,1757,50,94,0.22651867782035806,1.3404425481676487
4424,51,15.0,104847,0,8,1755,48,95,0.22498315915334124,1.347873109913404
4424,52,15.0,104869,0,6,1753,47,102,0.22335812501436939,1.348671910755503
4424,53,15.0,104888,0,5,1751,46,105,0.22348349018412533,1.3495640554111128
4424,54,15.0,104909,0,4,1749,45,113,0.2222359232524447,1.3494955618677826
4424,55,15.0,104928,0,4,1747,43,117,0.22242429872948347,1.35088287347121
4424,56,15.0,104950,0,3,1745,42,122,0.2267037484081541,1.347788648452328
4424,57,15.0,104970,0,2,1742,41,132,0.22645568724078424,1.3557331254572236
4424,58,15.0,104991,0,2,1740,40,143,0.22396622560638146,1.3551692016393488
4424,59,15.0,105014,0,1,1736,39,143,0.2227083990689524,1.353673176963907
4424,60,15.0,105039,0,1,1734,37,155,0.22429254611692068,1.3575401310474968
4424,61,15.0,105062,0,1,1730,36,163,0.224462036170364,1.3589495911951384
4424,62,15.0,105087,0,1,1727,35,173,0.22363986454262474,1.3595121161786106
4424,63,15.0,105113,0,0,1723,34,179,0.22486750297061783,1.3617316993580784
4424,64,15.0,105141,0,0,1720,33,185,0.22228256023140253,1.364783340729359
4424,65,15.0,105167,0,0,1717,32,203,0.22185520807991055,1.3659720501436836
4424,66,15.0,105193,0,0,1712,31,207,0.22375737335087065,1.3686522671454824
4424,67,15.0,105223,0,0,1708,30,218,0.22542840222182062,1.3657011750921635
4424,68,15.0,105252,0,0,1704,29,223,0.22313726806326778,1.3669236500410447
4424,69,15.0,105281,0,0,1700,28,232,0.22327286901453522,1.367558530517966
4424,70,15.0,105309,0,0,1696,27,249,0.22494207449668271,1.3671966747384252
4424,71,15.0,105336,0,0,1692,27,262,0.22582589449324927,1.369148362900536
4424,72,15.0,105368,0,0,1687,26,270,0.22588278372177012,1.3694291459888484
4424,73,15.0,105401,0,0,1682,25,290,0.22537302418690336,1.3696368928466056
4424,74,15.0,105434,0,0,1677,24,299,0.22438887805348023,1.3728463892030214
4424,75,15.0,105471,0,0,1671,23,311,0.2244861964280435,1.3736093113974865
4424,76,15.0,105506,0,0,1666,22,321,0.22465016445282807,1.3738123305540573
4424,77,15.0,105542,0,0,1661,22,334,0.2232218941487917,1.375587118035346
4424,78,15.0,105576,0,0,1655,21,355,0.22546804592013667,1.3759733005210133
4424,79,15.0,105612,0,0,1649,20,377,0.22559302628166786,1.3765833259910962
4424,80,15.0,105651,0,0,1642,19,410,0.22535531442137094,1.3767854021232637
4424,81,15.0,105694,0,0,1634,19,427,0.22501488812143297,1.376637496009143
4424,82,15.0,105746,0,0,1626,18,426,0.22588361205648355,1.3776819994941572
4424,83,15.0,105798,0,0,1619,17,437,0.22590756380145788,1.377871841599985
4424,84,15.0,105841,0,0,1613,17,452,0.22558123801132962,1.377846262635084
4424,85,15.0,105881,0,0,1607,16,465,0.22643785328630503,1.3793904644229276
4424,86,15.0,105920,0,0,1601,15,479,0.22688341438756782,1.3801732384339762
4424,87,15.0,105959,0,0,1595,15,506,0.22660323889987707,1.380218432475938
4424,88,15.0,105997,0,0,1588,14,523,0.22704695170974565,1.3808753675351515
4424,89,15.0,106041,0,0,1581,13,550,0.22865841982727012,1.3814373706699663
4424,90,15.0,106086,0,0,1573,13,571,0.22831661814625717,1.3809241184434562
4424,91,15.0,106135,0,0,1565,12,579,0.22708804855888284,1.3812132184952128
4424,92,15.0,106185,0,0,1558,12,597,0.2262980111109,1.3822317595861873
4424,93,15.0,106229,0,0,1550,11,620,0.22639393511316513,1.3827667563571535
4424,94,15.0,106274,0,0,1543,11,644,0.22645987551776595,1.3830785765568778
4424,95,15.0,106320,0,0,1535,10,668,0.2267662462355573,1.383446258938289
4424,96,15.0,106369,0,0,1527,10,686,0.2267627436616314,1.3831598587624427
4424,97,15.0,106419,0,0,1519,9,707,0.2273332677233884,1.3837635014870755
4424,98,15.0,106468,0,0,1511,9,735,0.2273489872751004,1.383883956840034
4424,99,15.0,106517,0,0,1502,8,758,0.22737804999422817,1.384149826680193
4424,100,15.0,106569,0,0,1494,8,778,0.2279024065510559,1.3849353802788422
4424,101,15.0,106621,0,0,1485,8,797,0.22791883609865324,1.385129995816373
4424,102,15.0,106672,0,0,1477,7,824,0.22767124743121814,1.3850042085242964
4424,103,15.0,106721,0,0,1469,7,835,0.22769816802739445,1.3852133311883477
4424,104,15.0,106772,0,0,1461,6,860,0.2271382814422933,1.3856071353384047
4424,105,15.0,106818,0,0,1454,6,901,0.22719674085012154,1.3855449220681626
4424,106,15.0,106864,0,0,1444,6,918,0.22762906734963462,1.3857605824231065
4424,107,15.0,106919,0,0,1436,5,940,0.22760991432818212,1.3858515505527644
4424,108,15.0,106971,0,0,1428,5,954,0.2274280463586899,1.385308812234479
4424,109,15.0,107021,0,0,1420,5,971,0.22742563764421234,1.385585450068191
4424,110,15.0,107067,0,0,1413,4,995,0.22767291435835854,1.3858381260092993
4424,111,15.0,107110,0,0,1406,4,1010,0.22772391770823897,1.3859291497383888
4424,112,15.0,107154,0,0,1399,4,1020,0.22792257208645225,1.3858778869624557
4424,113,15.0,107196,0,0,1393,4,1024,0.22770578595888877,1.3858327890303825
4424,114,15.0,107232,0,0,1388,3,1038,0.22768923115946874,1.386379946165418
4424,115,15.0,107263,0,0,1383,3,1067,0.22773143024115414,1.3864183444603024
4424,116,15.0,107293,0,0,1377,3,1087,0.2282014494740182,1.3860310804646663
4424,117,15.0,107327,0,0,1371,3,1109,0.22821441845066845,1.3858929357381045
4424,118,15.0,107363,0,0,1365,3,1123,0.2283771692051553,1.3864763847845893
4424,119,15.0,107401,0,0,1359,2,1140,0.22834028814043333,1.386454691772836
4424,120,15.0,107436,0,0,1353,2,1156,0.2283589952394592,1.386551542835605
4424,121,15.0,107470,0,0,1348,2,1167,0.22853293479885337,1.386838407285658
4424,122,15.0,107503,0,0,1343,2,1176,0.22851704634501538,1.3867692103260558
4424,123,15.0,107534,0,0,1338,2,1187,0.22853984550816728,1.3869387750094628
4424,124,15.0,107561,0,0,1334,2,1185,0.22857189031650685,1.3872834998512764
4424,125,15.0,107586,0,0,1331,1,1187,0.22859740766395617,1.387520158921936
4424,126,15.0,107606,0,0,1328,1,1185,0.22813560203236813,1.3875453953057681
4424,127,15.0,107621,0,0,1326,1,1174,0.228164249065357,1.38733194986976
4424,128,15.0,107633,0,0,1326,1,1180,0.2280071565146503,1.3871866319402677
4424,129,15.0,107637,0,0,1325,1,1186,0.2279729583315491,1.3870843804010742
4424,130,15.0,107643,0,0,1324,1,1188,0.22791295483301094,1.387176623120278
4424,131,15.0,107649,0,0,1323,1,1199,0.2279243661703034,1.3875125299471243
4424,132,15.0,107656,0,0,1321,1,1218,0.22837422093334497,1.3875534905150058
4424,133,15.0,107665,0,0,1319,1,1235,0.22841201471947944,1.3875928515129008
4424,134,15.0,107679,0,0,1316,1,1226,0.22853770056045183,1.3877682231555508
4424,135,15.0,107697,0,0,1314,1,1233,0.22867931542676878,1.3880557392430273
4424,136,15.0,107708,0,0,1312,0,1224,0.22827227588062224,1.3883729167813128
4424,137,15.0,107724,0,0,1311,0,1211,0.2282526066809633,1.3882719914741326
4424,138,15.0,107730,0,0,1312,0,1215,0.22831561201600073,1.3887589122943444
4424,139,15.0,107729,0,0,1312,0,1203,0.22828436120698306,1.3887662843089956
4424,140,15.0,107728,0,0,1313,0,1182,0.22827309583533756,1.3887649605490207
4424,141,15.0,107724,0,0,1315,0,1187,0.2284444818104924,1.3890088174549706
4424,142,15.0,107712,0,0,1316,0,1190,0.22843319273813684,1.389008386390539
4424,143,15.0,107705,0,0,1317,0,1198,0.22838523574872874,1.3890954565014022
4424,144,15.0,107700,0,0,1317,0,1193,0.22837772112611024,1.389115871710723
4424,145,15.0,107699,0,0,1317,0,1203,0.2283540715294508,1.3890623183474033
4424,146,15.0,107697,0,0,1317,0,1215,0.2283818598463782,1.3890236231954214
4424,147,15.0,107699,0,0,1316,0,1221,0.22834923443237987,1.389111850103894
4424,148,15.0,107706,0,0,1314,0,1213,0.22880456078447745,1.3894801521908655
4424,149,15.0,107713,0,0,1314,0,1195,0.22882995677827717,1.389502643079197
4424,150,15.0,107716,0,0,1315,0,1195,0.22880586941768505,1.3897122618981799
4424,151,15.0,107712,0,0,1315,0,1173,0.22883514950225742,1.3898448711101734
4424,152,15.0,107708,0,0,1318,0,1162,0.2288628027044558,1.3898183407579618
4424,153,15.0,107696,0,0,1320,0,1152,0.2284042158773686,1.3899311522555757
4424,154,15.0,107683,0,0,1323,0,1151,0.22836712344052232,1.3899930201637354
4424,155,15.0,107668,0,0,1325,0,1135,0.2279112822850932,1.390108936126154
4424,156,15.0,107656,0,0,1327,0,1142,0.22790713779367341,1.3901693096630199
4424,157,15.0,107641,0,0,1329,0,1150,0.22804298968069842,1.3904535140076024
4424,158,15.0,107631,0,0,1329,0,1146,0.22802606664006683,1.3901743889970264
4424,159,15.0,107627,0,0,1330,0,1133,0.22802393284629024,1.390290081820221
4424,160,15.0,107622,0,0,1332,0,1145,0.2280209307455813,1.3901054229041576
4424,161,15.0,107614,0,0,1332,0,1123,0.2280163449923574,1.3900542174321762
4424,162,15.0,107611,0,0,1334,0,1118,0.22800936300366392,1.3902250280465378
4424,163,15.0,107602,0,0,1336,0,1115,0.22803019445016992,1.390558648047413
4424,164,15.0,107592,0,0,1337,0,1126,0.22807529671042437,1.3909124253877194
4424,165,15.0,107582,0,0,1338,0,1135,0.22806895039199207,1.3912824447656635
4424,166,15.0,107579,0,0,1337,0,1127,0.22806127109232802,1.3913540297672506
4424,167,15.0,107581,0,0,1338,0,1119,0.22805412224866783,1.3912608445612928
4424,168,15.0,107579,0,0,1338,0,1112,0.22810908740399796,1.391079154575264
4424,169,15.0,107575,0,0,1340,0,1109,0.22813414689610562,1.3912496062168263
4424,170,15.0,107569,0,0,1341,0,1114,0.22813237455811983,1.3911188625721809
4424,171,15.0,107562,0,0,1341,0,1104,0.22811147029354914,1.391145425877796
4424,172,15.0,107559,0,0,1342,0,1099,0.22807941293123185,1.3912040926939784
4424,173,15.0,107553,0,0,1343,0,1110,0.22811248885351057,1.3912049901440904
4424,174,15.0,107546,0,0,1344,0,1104,0.22816911136983242,1.3914449768908805
4424,175,15.0,107545,0,0,1344,0,1109,0.2282120992668429,1.3915498088570672
4424,176,15.0,107542,0,0,1344,0,1111,0.22825801194721268,1.3917144262211134
4424,177,15.0,107542,0,0,1344,0,1112,0.22822758964305934,1.3915492625169317
4424,178,15.0,107542,0,0,1344,0,1112,0.22828729085285832,1.3913390015851945
4424,179,15.0,107543,0,0,1344,0,1122,0.22826726672423822,1.3915561404417556
4424,180,15.0,107544,0,0,1343,0,1143,0.22820276162921374,1.3917805169611697
4424,181,15.0,107548,0,0,1341,0,1154,0.22819267391239673,1.3922038480967847
4424,182,15.0,107560,0,0,1338,0,1150,0.228199971142267,1.3921393497741095
4424,183,15.0,107574,0,0,1337,0,1133,0.2282219850921921,1.3919066620240634
4424,184,15.0,107583,0,0,1337,0,1114,0.22820357374261527,1.3917427825460573
4424,185,15.0,107584,0,0,1338,0,1134,0.22820484724112994,1.3914920255467391
4424,186,15.0,107577,0,0,1338,0,1135,0.22824368782889404,1.391615748737801
4424,187,15.0,107578,0,0,1337,0,1143,0.2283178961081857,1.391583648365917
4424,188,15.0,107580,0,0,1336,0,1135,0.22831997220564026,1.3913863583711408
4424,189,15.0,107585,0,0,1336,0,1122,0.22825546944616762,1.3917132595166009
4424,190,15.0,107586,0,0,1337,0,1130,0.22823972787275087,1.3915329657568456
4424,191,15.0,107581,0,0,1337,0,1139,0.22828248900730422,1.3916949362050333
4424,192,15.0,107580,0,0,1337,0,1151,0.2283424705658289,1.3918878966530481
4424,193,15.0,107583,0,0,1336,0,1141,0.2283290605504279,1.3921430041955791
4424,194,15.0,107590,0,0,1335,0,1141,0.2283904502947885,1.3921458723521347
4424,195,15.0,107593,0,0,1335,0,1142,0.2283551247635909,1.3920882739463722
4424,196,15.0,107594,0,0,1335,0,1161,0.22835217996055915,1.3919260217124612
4424,197,15.0,107595,0,0,1333,0,1159,0.22836225285235223,1.3921118414985834
4424,198,15.0,107604,0,0,1332,0,1145,0.22837576671471366,1.3924526464861635
4424,199,15.0,107610,0,0,1332,0,1139,0.22840473961857982,1.3919591034412189
4424,200,15.0,107609,0,0,1333,0,1143,0.2283607069768523,1.3921078254888508
4424,201,15.0,107606,0,0,1333,0,1140,0.22832689511978702,1.3923272526259824
4424,202,15.0,107605,0,0,1333,0,1136,0.2283886747090511,1.392221372867573
4424,203,15.0,107603,0,0,1334,0,1137,0.22834094451458006,1.3922209727532706
4424,204,15.0,107600,0,0,1334,0,1134,0.22837792612282135,1.3922626249378285
4424,205,15.0,107598,0,0,1335,0,1163,0.2284576676793261,1.3923001425407007
4424,206,15.0,107595,0,0,1333,0,1153,0.22849360900359775,1.3923797382155514
4424,207,15.0,107604,0,0,1333,0,1149,0.22842966555159588,1.3924372036986274
4424,208,15.0,107608,0,0,1332,0,1168,0.22839501972152018,1.3926635663237708
4424,209,15.0,107609,0,0,1331,0,1167,0.22837402852464378,1.3923929740608454
4424,210,15.0,107617,0,0,1330,0,1175,0.22841733511371712,1.3924031002592232
4424,211,15.0,107624,0,0,1328,0,1166,0.22842156591730745,1.3924079158070417
4424,212,15.0,107631,0,0,1328,0,1162,0.2284204846768496,1.3925205683559767
4424,213,15.0,107634,0,0,1328,0,1160,0.22841143192639482,1.3928054396026337
4424,214,15.0,107635,0,0,1328,0,1137,0.22842438951710078,1.3931186863262042
4424,215,15.0,107634,0,0,1330,0,1162,0.22840165079006428,1.3930403826260338
4424,216,15.0,107625,0,0,1329,0,1186,0.22840986768882868,1.3927876405736161
4424,217,15.0,107627,0,0,1327,0,1182,0.2284145846248185,1.3928395355407082
4424,218,15.0,107638,0,0,1326,0,1183,0.22838569232352124,1.3930859657118022
4424,219,15.0,107646,0,0,1325,0,1196,0.2284427872542526,1.3934358002479874
4424,220,15.0,107652,0,0,1323,0,1198,0.22843821411553436,1.3937368309424378
4424,221,15.0,107662,0,0,1322,0,1194,0.22850824632874892,1.393734888728961
4424,222,15.0,107670,0,0,1321,0,1183,0.22855252511132487,1.393761397149022
4424,223,15.0,107676,0,0,1321,0,1175,0.22858687888999651,1.3938399045365353
4424,224,15.0,107675,0,0,1322,0,1174,0.22856548283434316,1.39406729642512
4424,225,15.0,107672,0,0,1322,0,1170,0.22859369445718453,1.394861349758953
4424,226,15.0,107668,0,0,1323,0,1166,0.22854055385467395,1.3944491241082528
4424,227,15.0,107664,0,0,1324,0,1154,0.22848062438401018,1.3945611648358809
4424,228,15.0,107659,0,0,1325,0,1172,0.22845955323519568,1.3945876128013563
4424,229,15.0,107651,0,0,1325,0,1169,0.22843141109256898,1.3948468461299484
4424,230,15.0,107651,0,0,1325,0,1159,0.2284494912033945,1.3954175910002742
4424,231,15.0,107650,0,0,1326,0,1162,0.2284714519126048,1.3953916552171897
4424,232,15.0,107646,0,0,1327,0,1169,0.22852367739276383,1.3951743563981545
4424,233,15.0,107643,0,0,1326,0,1135,0.2285727994479178,1.3950425590977167
4424,234,15.0,107644,0,0,1329,0,1141,0.22852672936059024,1.3949486648005223
4424,235,15.0,107632,0,0,1330,0,1156,0.22849518429989307,1.3951966208969917
4424,236,15.0,107624,0,0,1330,0,1167,0.22855128738288527,1.3952496212119998
4424,237,15.0,107624,0,0,1329,0,1150,0.2285672997126067,1.395381198891971
4424,238,15.0,107628,0,0,1330,0,1138,0.22857501663573443,1.3952952969512702
4424,239,15.0,107626,0,0,1331,0,1145,0.22858761867861666,1.3952185234712322
4424,240,15.0,107619,0,0,1331,0,1139,0.22855908913877473,1.3954556302320489
4424,241,15.0,107615,0,0,1332,0,1145,0.22854238061016455,1.395611350452186
4424,242,15.0,107611,0,0,1332,0,1133,0.22849753655195806,1.395433631420684
4424,243,15.0,107609,0,0,1333,0,1143,0.22845454098657716,1.3958524898794737
4424,244,15.0,107604,0,0,1334,0,1148,0.22849799712787588,1.395736749091332
4424,245,15.0,107603,0,0,1333,0,1151,0.2285024785823413,1.396299977620812
4424,246,15.0,107604,0,0,1333,0,1156,0.22848334631099992,1.3965270203916658
4424,247,15.0,107607,0,0,1332,0,1178,0.228462062297664,1.3969821708538266
4424,248,15.0,107611,0,0,1330,0,1162,0.2284664488011774,1.396887802014495
4424,249,15.0,107623,0,0,1329,0,1170,0.22846302479635716,1.3962338056182007
4424,250,15.0,107626,0,0,1328,0,1169,0.2284982383452741,1.3965513884349194
4424,251,15.0,107631,0,0,1328,0,1167,0.22847822418591843,1.3969041360656655
4424,252,15.0,107635,0,0,1327,0,1159,0.2285467106201196,1.3964384712720903
4424,253,15.0,107638,0,0,1328,0,1156,0.2285144733220896,1.3962568764568786
4424,254,15.0,107636,0,0,1328,0,1160,0.22856220690631365,1.3960754342725152
4424,255,15.0,107634,0,0,1328,0,1169,0.22860420765298584,1.3965245737047043
4424,256,15.0,107633,0,0,1328,0,1146,0.22857287070674306,1.3966894596829247
4424,257,15.0,107636,0,0,1329,0,1143,0.22855513521660512,1.3972880847515425
4424,258,15.0,107630,0,0,1330,0,1133,0.22852623441486547,1.3979598955172114
4424,259,15.0,107624,0,0,1332,0,1137,0.22857340072252083,1.3976159993807875
4424,260,15.0,107615,0,0,1332,0,1146,0.22854098056492006,1.397453134161766
4424,261,15.0,107609,0,0,1333,0,1145,0.22854349371446397,1.3974800810477963
4424,262,15.0,107608,0,0,1333,0,1143,0.22858280835101055,1.397960855421187
4424,263,15.0,107608,0,0,1333,0,1139,0.2285823757059621,1.3982883206227252
4424,264,15.0,107606,0,0,1333,0,1141,0.22855377213332206,1.398504361177525
4424,265,15.0,107604,0,0,1334,0,1147,0.22855588139337032,1.3986663039411524
4424,266,15.0,107602,0,0,1333,0,1138,0.22860865957132795,1.3986972181122586
4424,267,15.0,107604,0,0,1334,0,1134,0.2286218527453718,1.3990048618669677
4424,268,15.0,107602,0,0,1334,0,1131,0.22858168699125253,1.3990657466332546
4424,269,15.0,107598,0,0,1335,0,1131,0.2286359750394436,1.3990955001656837
4424,270,15.0,107594,0,0,1336,0,1131,0.22863506946457082,1.3994505493738567
4424,271,15.0,107591,0,0,1336,0,1145,0.22867111738762377,1.399767142958054
4424,272,15.0,107588,0,0,1335,0,1163,0.22862572868016903,1.3991417429081867
4424,273,15.0,107592,0,0,1334,0,1142,0.22861816232099577,1.400195883267625
4424,274,15.0,107602,0,0,1334,0,1153,0.22864562923645262,1.4004884588807418
4424,275,15.0,107602,0,0,1333,0,1156,0.22860285172207137,1.4010844586105966
4424,276,15.0,107606,0,0,1332,0,1155,0.2285503196066464,1.4013649919323115
4424,277,15.0,107610,0,0,1332,0,1165,0.2285390246973956,1.4013364825117947
4424,278,15.0,107613,0,0,1331,0,1164,0.22853615717662273,1.401941943006242
